Workbook

Sheet How to use
A1: Screenshot review - images from 2021, 2022 and 2023
A3: Oxford Abstracts help centre. Generated 31 July 2026 from the article source files.
A5: What this is
A6: 134 articles contain at least one screenshot dated 2021, 2022 or 2023 - 833 images in total.
A7: Go through each article, look at the images, and decide whether each still matches the
A8: current interface. Update it or leave it. Record the decision on the Articles tab.
A10: About the dates
A11: The date is taken from the image filename, which records when it was uploaded to the old
A12: knowledge base - not when the screenshot was taken. So it means "no newer than". An image
A13: dated 2022 cannot show a newer interface than 2022, but it may show an older one.
A15: The tabs
A16: Articles one row per article. This is the work list - fill in the yellow columns.
... A22: Fill in these four columns only (shaded yellow)
A23: Decision | B23: Reviewed by | C23: Date reviewed | D23: Notes
A24: Update | B24: A. Reviewer | C24: 2026-08-04 | D24: Three images show the old dashboard; two are still fine
A25: Example row - shows the expected format. Decision must be Update, Leave as is, or Done.
A27: Progress
A28: Articles to review | B28: =COUNTA(Articles!A2:A135)
A29: Decision recorded | B29: =COUNTA(Articles!K2:K135)
A30: Still to do | B30: =B28-B29
A32: Marked "Update" | B32: =COUNTIF(Articles!K2:K135,"Update")
A33: Marked "Leave as is" | B33: =COUNTIF(Articles!K2:K135,"Leave as is")
A34: Marked "Done" | B34: =COUNTIF(Articles!K2:K135,"Done")
A36: Images from 2021-2023 | B36: =SUM(Articles!G2:G135)

Sheet Articles
A1: Article | B1: Section | C1: Link | D1: 2021 | E1: 2022 | F1: 2023 | G1: Total 21-23 | H1: All images | I1: Oldest | J1: Older undated | K1: Decision | L1: Reviewed by | M1: Date reviewed | N1: Notes | O1: Tickets/yr
A2: Creating a certificate | B2: 09-add-ons | C2: open | D2: 0 | E2: 0 | F2: 33 | G2: =SUM(D2:F2) | H2: 37 | I2: 2023-08 | J2: 1 | O2: 61
A3: Creating your delegate registration tickets for your event | B3: 07-delegate-registration | C3: open | D3: 0 | E3: 21 | F3: 8 | G3: =SUM(D3:F3) | H3: 30 | I3: 2022-11 | J3: 0
A4: Using the chat and controlling notifications | B4: 14-for-attendees-exhibitors | C4: open | D4: 20 | E4: 5 | F4: 0 | G4: =SUM(D4:F4) | H4: 30 | I4: 2021-06 | J4: 5
A5: Creating your delegate registration form | B5: 07-delegate-registration | C5: open | D5: 0 | E5: 22 | F5: 0 | G5: =SUM(D5:F5) | H5: 23 | I5: 2022-11 | J5: 0
A6: Setting up your program - configuration | B6: 08-conference-platform | C6: open | D6: 9 | E6: 4 | F6: 5 | G6: =SUM(D6:F6) | H6: 31 | I6: 2021-03 | J6: 13
A7: Submission question types | B7: 02-submissions | C7: open | D7: 12 | E7: 5 | F7: 0 | G7: =SUM(D7:F7) | H7: 37 | I7: 2021-03 | J7: 20
A8: Setting up payment providers for delegate registration | B8: 07-delegate-registration | C8: open | D8: 0 | E8: 0 | F8: 17 | G8: =SUM(D8:F8) | H8: 23 | I8: 2023-01 | J8: 1
A9: Setting up the homepage for your conference | B9: 08-conference-platform | C9: open | D9: 0 | E9: 0 | F9: 17 | G9: =SUM(D9:F9) | H9: 18 | I9: 2023-09 | J9: 0
A10: How admins can amend existing delegate registration orders | B10: 07-delegate-registration | C10: open | D10: 0 | E10: 0 | F10: 16 | G10: =SUM(D10:F10) | H10: 17 | I10: 2023-06 | J10: 0
A11: Configuring invoices and receipts for delegate registration | B11: 07-delegate-registration | C11: open | D11: 0 | E11: 0 | F11: 16 | G11: =SUM(D11:F11) | H11: 20 | I11: 2023-11 | J11: 0
A12: Completing a Symposium review | B12: 13-for-reviewers-committee | C12: open | D12: 1 | E12: 14 | F12: 0 | G12: =SUM(D12:F12) | H12: 16 | I12: 2021-09 | J12: 1
A13: Managing orders and edit the attendee table | B13: 07-delegate-registration | C13: open | D13: 0 | E13: 14 | F13: 0 | G13: =SUM(D13:F13) | H13: 20 | I13: 2022-11 | J13: 0
A14: Adding a session-less submission to the title listing | B14: 06-programme-exports-reports | C14: open | D14: 0 | E14: 13 | F14: 0 | G14: =SUM(D14:F14) | H14: 15 | I14: 2022-06 | J14: 1
A15: The submissions table (including incomplete submissions) | B15: 02-submissions | C15: open | D15: 5 | E15: 1 | F15: 6 | G15: =SUM(D15:F15) | H15: 18 | I15: 2021-02 | J15: 5 | O15: 21
A16: Creating announcements on conference | B16: 08-conference-platform | C16: open | D16: 0 | E16: 0 | F16: 12 | G16: =SUM(D16:F16) | H16: 12 | I16: 2023-03 | J16: 0
A17: The authors and affiliations question | B17: 02-submissions | C17: open | D17: 11 | E17: 0 | F17: 0 | G17: =SUM(D17:F17) | H17: 17 | I17: 2021-02 | J17: 5 | O17: 30
A18: Setting up your Zoom integration | B18: 08-conference-platform | C18: open | D18: 11 | E18: 0 | F18: 0 | G18: =SUM(D18:F18) | H18: 11 | I18: 2021-09 | J18: 0 | O18: 24
A19: Exhibitor space - setting up and managing your booth | B19: 14-for-attendees-exhibitors | C19: open | D19: 6 | E19: 5 | F19: 0 | G19: =SUM(D19:F19) | H19: 11 | I19: 2021-11 | J19: 0
A20: Design the decision form | B20: 04-decisions | C20: open | D20: 10 | E20: 0 | F20: 0 | G20: =SUM(D20:F20) | H20: 21 | I20: 2021-02 | J20: 9
A21: Creating and paying for a new event | B21: 01-getting-started | C21: open | D21: 10 | E21: 0 | F21: 0 | G21: =SUM(D21:F21) | H21: 13 | I21: 2021-03 | J21: 3 | O21: 73
A22: Professional Conference - the poster gallery | B22: 08-conference-platform | C22: open | D22: 9 | E22: 1 | F22: 0 | G22: =SUM(D22:F22) | H22: 11 | I22: 2021-03 | J22: 0
A23: Colour coding your event | B23: 08-conference-platform | C23: open | D23: 10 | E23: 0 | F23: 0 | G23: =SUM(D23:F23) | H23: 20 | I23: 2021-04 | J23: 10
A24: Viewing sessions and content in the conference program | B24: 14-for-attendees-exhibitors | C24: open | D24: 8 | E24: 2 | F24: 0 | G24: =SUM(D24:F24) | H24: 10 | I24: 2021-06 | J24: 0
A25: Adding chair's email addresses | B25: 06-programme-exports-reports | C25: open | D25: 0 | E25: 10 | F25: 0 | G25: =SUM(D25:F25) | H25: 10 | I25: 2022-06 | J25: 0
A26: Editing automated emails for delegate registration | B26: 07-delegate-registration | C26: open | D26: 0 | E26: 0 | F26: 10 | G26: =SUM(D26:F26) | H26: 11 | I26: 2023-12 | J26: 0
A27: Designing the review form | B27: 03-reviewing | C27: open | D27: 9 | E27: 0 | F27: 0 | G27: =SUM(D27:F27) | H27: 13 | I27: 2021-02 | J27: 4
A28: Setting up a Multi-stage event | B28: 02-submissions | C28: open | D28: 2 | E28: 7 | F28: 0 | G28: =SUM(D28:F28) | H28: 10 | I28: 2021-04 | J28: 1
A29: Managing Symposia | B29: 09-add-ons | C29: open | D29: 9 | E29: 0 | F29: 0 | G29: =SUM(D29:F29) | H29: 12 | I29: 2021-05 | J29: 3
A30: Downloading your program and session books | B30: 06-programme-exports-reports | C30: open | D30: 0 | E30: 9 | F30: 0 | G30: =SUM(D30:F30) | H30: 10 | I30: 2022-01 | J30: 1
A31: Editing your delegate registration ticket details page | B31: 07-delegate-registration | C31: open | D31: 0 | E31: 0 | F31: 9 | G31: =SUM(D31:F31) | H31: 10 | I31: 2023-05 | J31: 0
A32: Working with tables | B32: 01-getting-started | C32: open | D32: 6 | E32: 2 | F32: 0 | G32: =SUM(D32:F32) | H32: 13 | I32: 2021-02 | J32: 5
A33: Sending and scheduling emails | B33: 05-emails | C33: open | D33: 7 | E33: 0 | F33: 1 | G33: =SUM(D33:F33) | H33: 10 | I33: 2021-02 | J33: 2
A34: Attaching content to sessions | B34: 08-conference-platform | C34: open | D34: 7 | E34: 1 | F34: 0 | G34: =SUM(D34:F34) | H34: 8 | I34: 2021-03 | J34: 0
A35: Creating a session | B35: 08-conference-platform | C35: open | D35: 8 | E35: 0 | F35: 0 | G35: =SUM(D35:F35) | H35: 9 | I35: 2021-03 | J35: 1 | O35: 37
A36: Setting up your program - display | B36: 08-conference-platform | C36: open | D36: 8 | E36: 0 | F36: 0 | G36: =SUM(D36:F36) | H36: 10 | I36: 2021-03 | J36: 2
A37: Setting up your conference program account | B37: 14-for-attendees-exhibitors | C37: open | D37: 8 | E37: 0 | F37: 0 | G37: =SUM(D37:F37) | H37: 8 | I37: 2021-06 | J37: 0
A38: Professional Conference - branding | B38: 08-conference-platform | C38: open | D38: 5 | E38: 3 | F38: 0 | G38: =SUM(D38:F38) | H38: 8 | I38: 2021-08 | J38: 0
A39: Sending emails from tables | B39: 05-emails | C39: open | D39: 1 | E39: 7 | F39: 0 | G39: =SUM(D39:F39) | H39: 8 | I39: 2021-11 | J39: 0
A40: Professional Conference - exhibitor space - admin set up | B40: 08-conference-platform | C40: open | D40: 5 | E40: 3 | F40: 0 | G40: =SUM(D40:F40) | H40: 9 | I40: 2021-11 | J40: 0
A41: Completing a review | B41: 13-for-reviewers-committee | C41: open | D41: 0 | E41: 6 | F41: 2 | G41: =SUM(D41:F41) | H41: 10 | I41: 2022-02 | J41: 2
A42: Turning inline comments on and off | B42: 02-submissions | C42: open | D42: 0 | E42: 8 | F42: 0 | G42: =SUM(D42:F42) | H42: 10 | I42: 2022-09 | J42: 0
A43: Adding add-ons to an existing order | B43: 07-delegate-registration | C43: open | D43: 0 | E43: 0 | F43: 8 | G43: =SUM(D43:F43) | H43: 8 | I43: 2023-05 | J43: 0
A44: Collecting Symposia | B44: 09-add-ons | C44: open | D44: 4 | E44: 0 | F44: 3 | G44: =SUM(D44:F44) | H44: 8 | I44: 2021-05 | J44: 0
A45: Designing the Symposia forms | B45: 09-add-ons | C45: open | D45: 4 | E45: 3 | F45: 0 | G45: =SUM(D45:F45) | H45: 7 | I45: 2021-05 | J45: 0
A46: Networking for attendees | B46: 08-conference-platform | C46: open | D46: 7 | E46: 0 | F46: 0 | G46: =SUM(D46:F46) | H46: 8 | I46: 2021-06 | J46: 1
A47: Event theme | B47: 01-getting-started | C47: open | D47: 7 | E47: 0 | F47: 0 | G47: =SUM(D47:F47) | H47: 7 | I47: 2021-08 | J47: 0
... A64: Recording decisions: accept, reject or withdraw | B64: 04-decisions | C64: open | D64: 5 | E64: 0 | F64: 0 | G64: =SUM(D64:F64) | H64: 7 | I64: 2021-02 | J64: 2
A65: Editing the template emails | B65: 05-emails | C65: open | D65: 5 | E65: 0 | F65: 0 | G65: =SUM(D65:F65) | H65: 6 | I65: 2021-02 | J65: 1 | O65: 25
A66: Publishing your program | B66: 06-programme-exports-reports | C66: open | D66: 5 | E66: 0 | F66: 0 | G66: =SUM(D66:F66) | H66: 9 | I66: 2021-04 | J66: 4
A67: Exploring the poster gallery | B67: 14-for-attendees-exhibitors | C67: open | D67: 5 | E67: 0 | F67: 0 | G67: =SUM(D67:F67) | H67: 5 | I67: 2021-06 | J67: 0
A68: Previewing and publish your event registration | B68: 07-delegate-registration | C68: open | D68: 0 | E68: 5 | F68: 0 | G68: =SUM(D68:F68) | H68: 6 | I68: 2022-11 | J68: 0
A69: Changing the email address on a registration | B69: 07-delegate-registration | C69: open | D69: 0 | E69: 0 | F69: 5 | G69: =SUM(D69:F69) | H69: 6 | I69: 2023-08 | J69: 0
A70: Deleting, restoring or withdrawing a submission | B70: 02-submissions | C70: open | D70: 4 | E70: 0 | F70: 0 | G70: =SUM(D70:F70) | H70: 8 | I70: 2021-02 | J70: 4
A71: Controlling what the reviewer can see | B71: 03-reviewing | C71: open | D71: 3 | E71: 1 | F71: 0 | G71: =SUM(D71:F71) | H71: 6 | I71: 2021-02 | J71: 2
A72: Amending, deleting and copying a session | B72: 08-conference-platform | C72: open | D72: 4 | E72: 0 | F72: 0 | G72: =SUM(D72:F72) | H72: 6 | I72: 2021-03 | J72: 2
A73: Program sessions table | B73: 06-programme-exports-reports | C73: open | D73: 4 | E73: 0 | F73: 0 | G73: =SUM(D73:F73) | H73: 5 | I73: 2021-04 | J73: 1
A74: Symposia reviewing | B74: 09-add-ons | C74: open | D74: 4 | E74: 0 | F74: 0 | G74: =SUM(D74:F74) | H74: 9 | I74: 2021-05 | J74: 3
A75: Application programming interface (API) | B75: 10-integrations-api | C75: open | D75: 1 | E75: 3 | F75: 0 | G75: =SUM(D75:F75) | H75: 6 | I75: 2021-08 | J75: 2 | O75: 59
A76: Controlling access to the programme | B76: 08-conference-platform | C76: open | D76: 4 | E76: 0 | F76: 0 | G76: =SUM(D76:F76) | H76: 8 | I76: 2021-10 | J76: 4
A77: Editing an abstract or submission | B77: 12-for-submitters | C77: open | D77: 0 | E77: 4 | F77: 0 | G77: =SUM(D77:F77) | H77: 4 | I77: 2022-01 | J77: 0 | O77: 102
A78: Viewing the mobile version of the program builder | B78: 06-programme-exports-reports | C78: open | D78: 0 | E78: 4 | F78: 0 | G78: =SUM(D78:F78) | H78: 5 | I78: 2022-10 | J78: 0
A79: Refunding an attendee through delegate registration | B79: 07-delegate-registration | C79: open | D79: 0 | E79: 0 | F79: 4 | G79: =SUM(D79:F79) | H79: 8 | I79: 2023-01 | J79: 0
A80: Creating coupon codes for delegate registration | B80: 07-delegate-registration | C80: open | D80: 0 | E80: 0 | F80: 4 | G80: =SUM(D80:F80) | H80: 5 | I80: 2023-02 | J80: 0 | O80: 22
A81: Bookmarking sessions on the event schedule | B81: 08-conference-platform | C81: open | D81: 0 | E81: 0 | F81: 4 | G81: =SUM(D81:F81) | H81: 4 | I81: 2023-02 | J81: 0
A82: Downloading invoices and receipts | B82: 07-delegate-registration | C82: open | D82: 0 | E82: 0 | F82: 4 | G82: =SUM(D82:F82) | H82: 4 | I82: 2023-10 | J82: 0 | O82: 193
A83: Event dashboard | B83: 01-getting-started | C83: open | D83: 3 | E83: 0 | F83: 0 | G83: =SUM(D83:F83) | H83: 13 | I83: 2021-02 | J83: 3
A84: Your personal dashboard | B84: 01-getting-started | C84: open | D84: 3 | E84: 0 | F84: 0 | G84: =SUM(D84:F84) | H84: 9 | I84: 2021-02 | J84: 4
A85: Question setting tags | B85: 02-submissions | C85: open | D85: 2 | E85: 1 | F85: 0 | G85: =SUM(D85:F85) | H85: 6 | I85: 2021-02 | J85: 3
A86: Downloading data on presenters only | B86: 06-programme-exports-reports | C86: open | D86: 3 | E86: 0 | F86: 0 | G86: =SUM(D86:F86) | H86: 4 | I86: 2021-02 | J86: 1
A87: Manage users | B87: 01-getting-started | C87: open | D87: 2 | E87: 1 | F87: 0 | G87: =SUM(D87:F87) | H87: 4 | I87: 2021-03 | J87: 1
A88: Abstract books | B88: 06-programme-exports-reports | C88: open | D88: 3 | E88: 0 | F88: 0 | G88: =SUM(D88:F88) | H88: 3 | I88: 2021-03 | J88: 0 | O88: 77
A89: Creating Multi-stage submission forms | B89: 02-submissions | C89: open | D89: 1 | E89: 2 | F89: 0 | G89: =SUM(D89:F89) | H89: 8 | I89: 2021-04 | J89: 1
A90: Session bookings | B90: 08-conference-platform | C90: open | D90: 3 | E90: 0 | F90: 0 | G90: =SUM(D90:F90) | H90: 4 | I90: 2021-04 | J90: 1
A91: Symposia decisions & emails | B91: 09-add-ons | C91: open | D91: 0 | E91: 3 | F91: 0 | G91: =SUM(D91:F91) | H91: 3 | I91: 2022-01 | J91: 0
A92: Chasing up late reviews | B92: 03-reviewing | C92: open | D92: 0 | E92: 3 | F92: 0 | G92: =SUM(D92:F92) | H92: 3 | I92: 2022-02 | J92: 0
A93: Tips on designing your reviewing form | B93: 03-reviewing | C93: open | D93: 0 | E93: 3 | F93: 0 | G93: =SUM(D93:F93) | H93: 3 | I93: 2022-03 | J93: 0
A94: Accessing your reviews | B94: 12-for-submitters | C94: open | D94: 0 | E94: 2 | F94: 1 | G94: =SUM(D94:F94) | H94: 4 | I94: 2022-07 | J94: 1
A95: Making a submission | B95: 12-for-submitters | C95: open | D95: 0 | E95: 3 | F95: 0 | G95: =SUM(D95:F95) | H95: 3 | I95: 2022-07 | J95: 0
A96: Bulk upload and automatically assign files | B96: 02-submissions | C96: open | D96: 0 | E96: 3 | F96: 0 | G96: =SUM(D96:F96) | H96: 4 | I96: 2022-11 | J96: 0
A97: Viewing transactions on the attendee table | B97: 07-delegate-registration | C97: open | D97: 0 | E97: 3 | F97: 0 | G97: =SUM(D97:F97) | H97: 4 | I97: 2022-11 | J97: 0
A98: Making a session cross columns in the program timetable | B98: 08-conference-platform | C98: open | D98: 0 | E98: 0 | F98: 3 | G98: =SUM(D98:F98) | H98: 4 | I98: 2023-06 | J98: 0
A99: Dependency questions | B99: 02-submissions | C99: open | D99: 1 | E99: 1 | F99: 0 | G99: =SUM(D99:F99) | H99: 8 | I99: 2021-02 | J99: 6
A100: Word and character count | B100: 02-submissions | C100: open | D100: 2 | E100: 0 | F100: 0 | G100: =SUM(D100:F100) | H100: 5 | I100: 2021-02 | J100: 3
... A112: Paying for your submission | B112: 12-for-submitters | C112: open | D112: 2 | E112: 0 | F112: 0 | G112: =SUM(D112:F112) | H112: 2 | I112: 2021-10 | J112: 0
A113: Notifying submitters of their outcomes | B113: 04-decisions | C113: open | D113: 0 | E113: 2 | F113: 0 | G113: =SUM(D113:F113) | H113: 2 | I113: 2022-03 | J113: 0 | O113: 33
A114: Viewing comments left by reviewers | B114: 12-for-submitters | C114: open | D114: 0 | E114: 2 | F114: 0 | G114: =SUM(D114:F114) | H114: 2 | I114: 2022-04 | J114: 0
A115: How attendees can download event schedules | B115: 14-for-attendees-exhibitors | C115: open | D115: 0 | E115: 0 | F115: 2 | G115: =SUM(D115:F115) | H115: 2 | I115: 2023-02 | J115: 0
A116: Registering on the behalf of someone else | B116: 07-delegate-registration | C116: open | D116: 0 | E116: 0 | F116: 2 | G116: =SUM(D116:F116) | H116: 2 | I116: 2023-05 | J116: 0
A117: Using the search bars | B117: 01-getting-started | C117: open | D117: 0 | E117: 0 | F117: 2 | G117: =SUM(D117:F117) | H117: 3 | I117: 2023-06 | J117: 0
A118: Making a submission on behalf of someone else | B118: 02-submissions | C118: open | D118: 1 | E118: 0 | F118: 0 | G118: =SUM(D118:F118) | H118: 3 | I118: 2021-02 | J118: 1
A119: Text editor types | B119: 02-submissions | C119: open | D119: 1 | E119: 0 | F119: 0 | G119: =SUM(D119:F119) | H119: 6 | I119: 2021-02 | J119: 5
A120: Account administration dashboard | B120: 11-account-administration | C120: open | D120: 1 | E120: 0 | F120: 0 | G120: =SUM(D120:F120) | H120: 3 | I120: 2021-02 | J120: 2
A121: Making a second/additional submission | B121: 12-for-submitters | C121: open | D121: 1 | E121: 0 | F121: 0 | G121: =SUM(D121:F121) | H121: 2 | I121: 2021-02 | J121: 1
A122: Viewing and making decisions | B122: 13-for-reviewers-committee | C122: open | D122: 1 | E122: 0 | F122: 0 | G122: =SUM(D122:F122) | H122: 3 | I122: 2021-02 | J122: 2
A123: The review tables | B123: 03-reviewing | C123: open | D123: 1 | E123: 0 | F123: 0 | G123: =SUM(D123:F123) | H123: 13 | I123: 2021-03 | J123: 11
A124: Other reports | B124: 06-programme-exports-reports | C124: open | D124: 1 | E124: 0 | F124: 0 | G124: =SUM(D124:F124) | H124: 6 | I124: 2021-03 | J124: 5
A125: Letting submitters hide their abstract from the programme | B125: 08-conference-platform | C125: open | D125: 1 | E125: 0 | F125: 0 | G125: =SUM(D125:F125) | H125: 6 | I125: 2021-03 | J125: 5
A126: Charging a fee for submission | B126: 02-submissions | C126: open | D126: 1 | E126: 0 | F126: 0 | G126: =SUM(D126:F126) | H126: 7 | I126: 2021-04 | J126: 6
A127: Assigning and unassigning a submission to a reviewer | B127: 03-reviewing | C127: open | D127: 1 | E127: 0 | F127: 0 | G127: =SUM(D127:F127) | H127: 21 | I127: 2021-05 | J127: 0 | O127: 100
...

Sheet Images
A1: Article | B1: Section | C1: Image # in article | D1: Date | E1: Appears under | F1: Filename
A2: Abstract books | B2: 06-programme-exports-reports | C2: 1 | D2: 2021-03-01 | E2: You can easily create a range of abstract books, which include the responses to various fi | F2: undefined-mar-01-2021-10-19-04-87-am-8cdff547.webp
A3: Abstract books | B3: 06-programme-exports-reports | C3: 2 | D3: 2021-03-01 | E3: You can easily create a range of abstract books, which include the responses to various fi | F3: undefined-mar-01-2021-10-18-29-28-am-de87c3c6.webp
A4: Abstract books | B4: 06-programme-exports-reports | C4: 3 | D4: 2021-03-01 | E4: You can easily create a range of abstract books, which include the responses to various fi | F4: undefined-mar-01-2021-10-20-41-03-am-cc30fe43.webp
A5: Accessing reviews from previous stages | B5: 02-submissions | C5: 1 | D5: 2022-03-16 | E5: In the example below, there are none. | F5: undefined-mar-16-2022-04-07-10-94-pm-62df54bb.webp
A6: Accessing your reviews | B6: 12-for-submitters | C6: 1 | D6: 2022-07-12 | E6: This guide explains how to view reviewer feedback on your submission. Review access depend | F6: screenshot-2022-07-12-at-16-30-30-png-d220fcf6.webp
A7: Accessing your reviews | B7: 12-for-submitters | C7: 2 | D7: 2022-07-12 | E7: This guide explains how to view reviewer feedback on your submission. Review access depend | F7: screenshot-2022-07-12-at-16-30-40-png-bc59335d.webp
A8: Accessing your reviews | B8: 12-for-submitters | C8: 3 | D8: 2023-03-09 | E8: This guide explains how to view reviewer feedback on your submission. Review access depend | F8: screenshot-2023-03-09-at-16-11-57-png-bc72d977.webp
A9: Account administration dashboard | B9: 11-account-administration | C9: 2 | D9: 2021-02-18 | E9: Find out how to access all the tools available to you as an account administrator. | F9: image-png-feb-18-2021-04-22-20-24-pm-0ebf4f0c.webp
A10: Adding a session-less submission to the title listing | B10: 06-programme-exports-reports | C10: 2 | D10: 2022-06-09 | E10: Learn how to add submission titles into a session without having them included in the prog | F10: screenshot-2022-06-09-at-13-00-28-f48ef727.webp
A11: Adding a session-less submission to the title listing | B11: 06-programme-exports-reports | C11: 3 | D11: 2022-06-09 | E11: Learn how to add submission titles into a session without having them included in the prog | F11: screenshot-2022-06-09-at-13-01-36-17808101.webp
A12: Adding a session-less submission to the title listing | B12: 06-programme-exports-reports | C12: 4 | D12: 2022-06-09 | E12: Learn how to add submission titles into a session without having them included in the prog | F12: screenshot-2022-06-09-at-13-02-22-9572a184.webp
A13: Adding a session-less submission to the title listing | B13: 06-programme-exports-reports | C13: 5 | D13: 2022-06-09 | E13: Learn how to add submission titles into a session without having them included in the prog | F13: screenshot-2022-06-09-at-13-04-06-7c2cb4d9.webp
... A834: Your personal dashboard | B834: 01-getting-started | C834: 9 | D834: 2021-02-18 | E834: Delegates | F834: undefined-feb-18-2021-05-03-28-35-pm-8f37c5e7.webp

Sheet Older undated
A1: These 16 articles have images with no date in the filename. They come from the Freshdesk knowledge base, which predates HubSpot, so they are almost certainly older than anything on the Articles tab.
A3: Article | B3: Section | C3: Link | D3: Undated images | E3: All images | F3: Newer images present
A4: Assigning categories to committee members | B4: 04-decisions | C4: open | D4: 7 | E4: 7
A5: Editing a Symposium | B5: 12-for-submitters | C5: open | D5: 6 | E5: 6
A6: Combined word count | B6: 02-submissions | C6: open | D6: 4 | E6: 5 | F6: 1
A7: Event details | B7: 01-getting-started | C7: open | D7: 3 | E7: 6 | F7: 3
A8: Restricting who can submit by email | B8: 02-submissions | C8: open | D8: 3 | E8: 4 | F8: 1
A9: Creating your event website | B9: 08-conference-platform | C9: open | D9: 3 | E9: 10 | F9: 7
A10: Showing reviews to submitters | B10: 03-reviewing | C10: open | D10: 2 | E10: 3 | F10: 1
A11: Opening and closing decision making | B11: 04-decisions | C11: open | D11: 2 | E11: 6 | F11: 4
A12: Emailing session chairs from the dashboard | B12: 05-emails | C12: open | D12: 2 | E12: 2
A13: Abstract management checklist | B13: 01-getting-started | C13: open | D13: 1 | E13: 1
A14: Different types of users in the system | B14: 01-getting-started | C14: open | D14: 1 | E14: 1
A15: Opening and closing reviewing | B15: 03-reviewing | C15: open | D15: 1 | E15: 7 | F15: 6
A16: Creating a backup of your conference data | B16: 06-programme-exports-reports | C16: open | D16: 1 | E16: 2 | F16: 1
A17: Deleting your Oxford Abstracts account | B17: 11-account-administration | C17: open | D17: 1 | E17: 5 | F17: 4
A18: How do i contact the event administrator? | B18: 14-for-attendees-exhibitors | C18: open | D18: 1 | E18: 1
A19: Payment error | B19: 14-for-attendees-exhibitors | C19: open | D19: 1 | E19: 1
